index;id;testsuly;testmagassag;eletkor;bmi;korcsopnev
595;596;0.43101867601747107;0.8722997014639295;0.23090286215221664;29.065743944636683;fiatal
124;125;0.41506529604203857;0.8820137540893319;0.2230975966225957;27.68166089965398;fiatal
727;728;0.37965757648442566;0.827458820542979;0.4137294102714895;26.989619377162633;idos
546;547;0.4613465580789242;0.8169678632647616;0.34600991855919316;33.21799307958478;kozepkoru
284;285;0.45141731042933514;0.8163930082232657;0.3601733859808525;32.52595155709343;idos
462;463;0.39814136922866744;0.8356053428255983;0.3784800670445357;28.027681660899656;idos
600;601;0.4385660651938244;0.8875741795589304;0.1409676638123007;29.065743944636683;fiatal
251;252;0.336156180245294;0.8403904506132349;0.42513869854551883;23.529411764705884;idos
477;478;0.2964324305999625;0.9162456945817024;0.26948402781814773;19.031141868512112;kozepkoru
719;720;0.28335053547029554;0.9467097344968971;0.153144221756851;22.007377168691765;fiatal
657;658;0.4140029666075659;0.8221749055164338;0.3906788558127735;35.71248931140285;kozepkoru
592;593;0.34158732043616824;0.9280863045812873;0.1482360069817334;25.559413580246915;fiatal
448;449;0.3270172277655899;0.9070100468215417;0.2653158640362333;24.526817529732984;fiatal
366;367;0.3571189212167922;0.8582374074403554;0.36863888641733383;27.92666996982118;kozepkoru
422;423;0.3749113665504111;0.8697015113598331;0.32103075922678403;28.9315775039801;kozepkoru
273;274;0.3831966989629123;0.8709015885520734;0.30771856128839925;29.333333333333332;kozepkoru
76;77;0.42265605877507884;0.823355958652751;0.3787437409802655;34.22222222222222;kozepkoru
228;229;0.4401468035620138;0.7676979131895589;0.46573673400166576;38.22222222222222;idos
35;36;0.42028497860751723;0.8519290106909133;0.3123739705866682;32.888888888888886;kozepkoru
411;412;0.3770832935408532;0.89781736557346;0.22744706594527653;28.0;fiatal
106;107;0.35529372324842595;0.9249888312157296;0.13476658468043742;25.437480812245077;fiatal
716;717;0.4065699644715939;0.7870777517334702;0.46390675433297246;34.209025919915796;idos
213;214;0.37744857298521234;0.9046783257264613;0.19771115727796837;27.630367089162757;fiatal
634;635;0.38370678950523046;0.804718405767914;0.452987182054786;31.577562387614577;idos
12;13;0.39758161075184734;0.7696772208144737;0.49952561350873126;34.209025919915796;idos
409;410;0.39422442788282697;0.8812075446792602;0.2608838125695178;29.43213296398892;fiatal
626;627;0.44672461630720417;0.7895597869615701;0.42075225489399465;37.22299168975069;idos
47;48;0.39183709735506383;0.8272116499718014;0.40272146117048224;31.16343490304709;idos
732;733;0.36983466967297024;0.9066914482305077;0.20281256078840304;26.83518005540166;fiatal
418;419;0.4245593723687664;0.7826214936436295;0.45525041133518324;35.45644837455679;idos
571;572;0.3875114348021584;0.8234617989545865;0.4144219511078638;30.757400999615534;idos
13;14;0.4082196034128994;0.8111376535347222;0.41882270999505267;32.89333162458883;idos
690;691;0.3917616854995134;0.832493581686466;0.3917616854995134;30.757400999615534;kozepkoru
379;380;0.374621488315851;0.8955794955050813;0.23999189095234205;27.339911999658252;fiatal
215;216;0.37139874324267835;0.9078635945932138;0.19454219884140295;26.564344746162927;fiatal
480;481;0.41227706076516385;0.8579819913220977;0.30642213975789206;31.20256367009614;kozepkoru
382;383;0.3680490230391208;0.8719930699696093;0.3227506817419983;27.40765727778715;kozepkoru
457;458;0.4267366285490235;0.791776395139152;0.437019438875506;34.99747006240513;idos
551;552;0.3831514958233689;0.8940201569211941;0.23221302777173874;27.82931354359926;fiatal
605;606;0.38224603769048865;0.884300534955608;0.26814274285750694;27.887617065556707;kozepkoru
620;621;0.36805409653109916;0.8514684322734384;0.3735474412554439;27.887617065556707;kozepkoru
522;523;0.39776965879040393;0.9066808398898913;0.14038929133778963;28.303850156087407;fiatal
42;43;0.38070981822732475;0.9078464896190052;0.1757122237972268;27.055150884495315;fiatal
596;597;0.4068056317544472;0.8757621239158238;0.25990359806534125;29.968782518210194;kozepkoru
182;183;0.42357851335311036;0.7634263903457222;0.4876078235111387;35.796045785639954;idos
92;93;0.38274190653811874;0.8724264046089472;0.303942102250859;28.303850156087407;kozepkoru
618;619;0.4164492899028493;0.768448094463591;0.4858575048866575;34.96357960457856;idos
394;395;0.32304910751720123;0.9104111211848399;0.258439286013761;22.892819979188342;fiatal
449;450;0.3606850362996959;0.873534072288326;0.3268708141465994;26.638917793964616;kozepkoru
332;333;0.41420860165651663;0.8284172033130333;0.3770360348411882;32.05128205128205;kozepkoru
460;461;0.39351746421431044;0.9027753590798886;0.17361064597690165;27.94214332675871;fiatal
256;257;0.35565873947473436;0.8948832799686864;0.26961227024697604;25.476660092044707;kozepkoru
333;334;0.41688792972509064;0.7829453379696788;0.4617369941872465;34.13212128970208;idos
96;97;0.3933175760843712;0.8181005582554921;0.4195387478233293;30.818540433925047;idos
417;418;0.397421596335233;0.794843192670466;0.4585633803868073;32.05128205128205;idos
523;524;0.41370917261175827;0.7775738665955939;0.4735225469652655;34.10585141354372;idos
118;119;0.415655173253763;0.7812314099709281;0.46573410979036095;34.10585141354372;idos
197;198;0.4146839239660567;0.779405929381986;0.4696420343711967;34.10585141354372;idos
18;19;0.3591903643365906;0.9185851940411169;0.16487426559712354;25.06574621959237;fiatal
22;23;0.3716347920381904;0.9058598055930891;0.20323777689588537;26.298487836949374;fiatal
625;626;0.43059529717948475;0.8292946464197484;0.35617141865463553;33.28402366863905;kozepkoru
641;642;0.3737731512915469;0.8970555630997126;0.23576460312236036;26.709401709401707;fiatal
474;475;0.40621727167411686;0.8336919654600788;0.3740925486038815;31.23404059998185;kozepkoru
682;683;0.43304066254842594;0.7676629926994823;0.4724079955073737;36.160420775805385;idos
259;260;0.3384175227192843;0.9261953253369887;0.16624018659894668;23.422090729783037;fiatal
757;758;0.43029519710868236;0.8773551421566641;0.2123534738977913;31.238589800803275;fiatal
423;424;0.36538037623063657;0.8963237354407803;0.25119900865856265;25.96454217209623;fiatal
141;142;0.4339724681581495;0.8208876807328852;0.3712294607135978;33.6727656294373;kozepkoru
777;778;0.30397017709189644;0.9357513294789753;0.17880598652464497;20.690494543389182;fiatal
486;487;0.2956832281827487;0.910240525974344;0.28988551782622424;20.690494543389182;kozepkoru
525;526;0.40892737084368214;0.8560212962994412;0.31623716678578084;30.427197857925268;kozepkoru
527;528;0.3168091349898327;0.9384723432717685;0.13748320952388968;21.50188648626719;fiatal
36;37;0.43809385663874106;0.8286835601479801;0.3483637896163483;33.6727656294373;kozepkoru
375;376;0.4521881006493268;0.7716688239341772;0.44727301259879065;37.32402937238833;idos
614;615;0.402869708541849;0.8908527357897223;0.20994618614152694;28.804413972169254;fiatal
579;580;0.419709982190202;0.8904657730251584;0.17582445199859814;30.021501886486266;fiatal
763;764;0.3760782203403447;0.881257919304987;0.2862684960799639;27.18163008641324;kozepkoru
240;241;0.40115945986920964;0.8627676054721358;0.3077387637352841;29.61580591504726;kozepkoru
746;747;0.40880025730774705;0.8335277973677441;0.37163659755249734;31.238589800803275;kozepkoru
140;141;0.36776143468468875;0.9079110418778253;0.20111953459318918;25.63691716071142;fiatal
254;255;0.42274353188875113;0.7766683492839846;0.4669841340631553;34.449607434705975;idos
152;153;0.39937460998592283;0.8887491320813494;0.22499978027375936;28.44095497516423;fiatal
33;34;0.3022835974137758;0.9364864390465995;0.17781388083163283;20.429418362441915;fiatal
410;411;0.36945536950300084;0.8980607443303713;0.2387250079865544;26.037493991347535;fiatal
186;187;0.35699924633571994;0.8953314431911706;0.26633277107585457;25.236340330075304;kozepkoru
25;26;0.41878146380278275;0.8941550173086443;0.15845785116862052;29.642685467072578;fiatal
235;236;0.3664401287448334;0.9190085768521218;0.14541274950191801;25.236340330075304;fiatal
526;527;0.39638810183496614;0.9076713056510819;0.13787412237737953;27.639801313892;fiatal
271;272;0.38378561733366917;0.9050466796823841;0.18330059335339424;26.83864765261977;fiatal
133;134;0.411393320590046;0.8333351878618881;0.36919913386286185;31.244992789617044;kozepkoru
113;114;0.3471429167743748;0.9296369635652748;0.12355934325867578;23.634033007530842;fiatal
61;62;0.3399319395855969;0.9260214905952469;0.16410507428270196;23.233456176894723;fiatal
437;438;0.3989023128068564;0.8403542056464441;0.3669901277823079;30.043262297708697;kozepkoru
311;312;0.3097929940940808;0.843918845980427;0.4379831985468039;23.233456176894723;idos
589;590;0.4039011776571241;0.8233370159933683;0.3987229574307507;30.853209920493647;idos
126;127;0.40715796381449865;0.8631748832867371;0.29858250679729903;29.666548000474663;kozepkoru
60;61;0.39215840123959583;0.8907597971013677;0.22969277786890613;27.688778133776353;fiatal
630;631;0.42337643138880565;0.8310722542076555;0.3606539971089826;32.03987184051263;kozepkoru
388;389;0.44147717058999264;0.8774358765476103;0.18762779750074687;31.644317867172973;fiatal
32;33;0.38107947947156545;0.8910534887643956;0.24658083965807176;26.897670187097027;fiatal
192;193;0.4330083655859639;0.8714978497236489;0.23020697917228458;31.24876389383331;fiatal
219;220;0.45363155157290497;0.7755636204310956;0.4389982757157145;36.786519520588584;idos
175;176;0.37652249030558166;0.9070769084634467;0.18826124515279083;26.106562240417702;fiatal
427;428;0.3983923048685971;0.8765356742756223;0.2701273461604119;28.585396508548314;kozepkoru
393;394;0.3629543062428124;0.9258927308398218;0.10481804500073455;24.654383923430547;fiatal
639;640;0.36877635514989787;0.8622858892475552;0.34708362837637446;26.897670187097027;kozepkoru
483;484;0.4046023176133092;0.8631516109083931;0.30210306381793756;29.296874999999993;kozepkoru
310;311;0.4057242146769857;0.8430633032249054;0.3530327582254291;30.078124999999993;kozepkoru
252;253;0.484289137312882;0.7522938055345739;0.4466744470361533;40.23437499999999;idos
687;688;0.4420910032656399;0.7859395613611375;0.43226675874862563;35.15624999999999;idos
499;500;0.41972726588697135;0.799480506451374;0.4297207722176135;32.81249999999999;idos
644;645;0.4098897162544003;0.854058697676152;0.32027201162855695;29.99572199850609;kozepkoru
435;436;0.351886699737842;0.9080947090008825;0.22702367725022063;24.218749999999996;fiatal
121;122;0.36840062325955036;0.921001558148876;0.12663771424547043;24.999999999999996;fiatal
471;472;0.3711801910573258;0.913674316448802;0.16560346985634536;25.390624999999996;fiatal
734;735;0.4596026981431169;0.7740677021357758;0.4354130824513739;37.10937499999999;idos
407;408;0.3880459425254771;0.9130492765305344;0.12554427552294847;26.562499999999996;fiatal
456;457;0.4188237101531517;0.797759447910765;0.4337816998014785;32.81249999999999;idos
562;563;0.4276249038863439;0.8243371641182533;0.37095172385321395;32.42187499999999;kozepkoru
154;155;0.38970765394302986;0.8907603518697825;0.23382459236581793;27.343749999999996;fiatal
15;16;0.37493783433924605;0.857000764203991;0.3535128152341463;27.343749999999996;kozepkoru
430;431;0.4128893369334311;0.7959312519198671;0.44273675888042613;32.42187499999999;idos
373;374;0.2992193208828676;0.9445943267086605;0.1349420466726658;19.675166853130666;fiatal
17;18;0.43766869415825893;0.7659202147769532;0.47096957306160475;35.492457852706295;idos
198;199;0.41097895931952877;0.870626479611107;0.2703808942891637;29.319856487018246;kozepkoru
317;318;0.4092647425102294;0.8904273451911747;0.1991017666265981;28.54828131630724;fiatal
425;426;0.4149374549953059;0.82475222536104;0.3842013472178758;31.24879441379576;idos
249;250;0.3575507743061379;0.9137408676712413;0.19296390994299506;24.3046178773967;fiatal
564;565;0.4354930536853627;0.8550534346749193;0.28147721762590516;31.634581999151262;kozepkoru
128;129;0.36499394726359774;0.9181878985849881;0.1539818215018303;24.690405462752206;fiatal
468;469;0.42704858144480734;0.8384734343001705;0.338514119437957;31.634581999151262;kozepkoru
651;652;0.38676394345409454;0.8895570699444174;0.24310876445685942;27.005130974885226;fiatal
473;474;0.3652665440664246;0.9047371322260672;0.21915992643985477;25.076193048107708;fiatal
556;557;0.39616617098843315;0.8737363497142155;0.28220056015614414;28.162493730951734;kozepkoru
696;697;0.3831001114892738;0.9070458522025454;0.17464858023775717;26.23355580417422;fiatal
518;519;0.38715273163261277;0.8657165249007035;0.31725015508783544;27.776706145596233;kozepkoru
643;644;0.46927305266666247;0.778896510096213;0.41605652092095846;37.42139577948381;idos
117;118;0.40905027912774605;0.8443217299944501;0.34611946695424667;30.091431657729252;kozepkoru
508;509;0.4625397477608972;0.7677206122629324;0.44346594372952;37.42139577948381;idos
189;190;0.3854625063312298;0.9126391694018824;0.13604559046984582;26.23355580417422;fiatal
540;541;0.4318173319251662;0.8583035856784167;0.27721606493961287;31.24879441379576;kozepkoru
520;521;0.42034381290962636;0.7827091688662008;0.4589961175449943;33.15043438500228;idos
344;345;0.427380170326826;0.8066251057528994;0.40829172019591203;32.70601399253342;idos
598;599;0.4124348258447153;0.8791373919321562;0.23877805706799307;28.959000152415786;fiatal
665;666;0.43362961565252056;0.8362856873298611;0.33554672639778377;32.00731595793324;kozepkoru
363;364;0.4392356811566216;0.8894522543421588;0.1262802583325287;30.48315805517451;fiatal
81;82;0.43064105571069194;0.8112075700596756;0.3955888767574961;32.769394909312595;idos
459;460;0.40733176435945867;0.8248468228279038;0.39205682319597895;30.48315805517451;idos
157;158;0.42950778850033927;0.8485397772811581;0.3090360917258539;31.24523700655387;kozepkoru
165;166;0.4224432380033338;0.8773821096992316;0.22746943584794893;29.721079103795148;fiatal
359;360;0.45113718839877626;0.8700502919119256;0.1987151901280324;32.00731595793324;fiatal
433;434;0.43108896998472007;0.8621779399694401;0.26610430245970373;30.864197530864192;kozepkoru
353;354;0.4421928381253024;0.8427675267799881;0.3069338523457981;32.38835543362292;kozepkoru
322;323;0.4319879391916285;0.7863151252701552;0.44169553333076617;33.91251333638164;idos
364;365;0.397889898088012;0.8906839819679055;0.21992197085627296;27.57555464956444;fiatal
528;529;0.4186988915658384;0.7979908286313625;0.4334764995034562;32.38835543362292;idos
287;288;0.39127134318079726;0.8023538936112551;0.4507049649297791;30.102118579484827;idos
163;164;0.3358448378005774;0.8919157987490743;0.30281091932838944;23.243408017070564;kozepkoru
326;327;0.39761966423958317;0.8704646703623307;0.2901548901207769;28.19692120103642;kozepkoru
208;209;0.3605884141671601;0.8986972783858451;0.24963813288495698;24.76756591982929;fiatal
181;182;0.35681597006292815;0.9175267801618152;0.17557611225318687;24.005486968449926;fiatal
367;368;0.38268955338241734;0.8731789809570649;0.3018396477382447;27.053802773967377;kozepkoru
591;592;0.38707381815239705;0.9066339232912948;0.16789517097986942;26.35401671076231;fiatal
584;585;0.3673430460022121;0.9155318992670517;0.16389151283175618;24.76756591982929;fiatal
54;55;0.3716957064164912;0.8855103594039937;0.2787717798123684;25.910684346898332;kozepkoru
130;131;0.3799587984149819;0.9187063484063741;0.10774950999827845;25.529644871208653;fiatal
742;743;0.38733494645942257;0.90939509168734;0.15156584861455666;26.291723822588015;fiatal
308;309;0.40895776600422595;0.8833487745691281;0.22901634896236653;28.577960676726104;fiatal
230;231;0.4149511644024369;0.8784031142545093;0.2371149510871068;28.981143437841094;fiatal
319;320;0.437832620155831;0.8109854214250052;0.38807891331994115;33.12130678610411;idos
334;335;0.42639142176042394;0.7897932016698762;0.44092749295680206;33.12130678610411;idos
733;734;0.4133294126499209;0.8528189147080646;0.31915309078031867;29.733900410252552;kozepkoru
43;44;0.4173240245013222;0.8610609619457662;0.2905420423743383;29.733900410252552;kozepkoru
602;603;0.42417791632163937;0.8642625045053401;0.27041342165504506;30.11027889645828;kozepkoru
714;715;0.40194840270840965;0.8853728329928482;0.2335646123846164;27.85200797922391;fiatal
396;397;0.39880782024260003;0.9028565930492196;0.1606309275977139;27.09925100681245;fiatal
283;284;0.4526157499829734;0.8480042212324673;0.27573143389767346;32.74492829989838;kozepkoru
246;247;0.4314921736486181;0.7814802700524972;0.4506696035885567;33.87406375851557;idos
541;542;0.45710088923356135;0.8098635320116359;0.36766810655742976;34.62682073092702;idos
238;239;0.4499444960019407;0.8429994580266245;0.29479122151851284;32.74492829989838;kozepkoru
220;221;0.42420759512846773;0.8864851026402595;0.18491100300471672;29.357521924046825;fiatal
149;150;0.3956163392800148;0.8956314347589223;0.20330284101889648;27.09925100681245;fiatal
89;90;0.4256016040481793;0.825869779283967;0.36986806066091776;31.615792841281195;idos
146;147;0.3908689450949837;0.8494885073397647;0.35438784355278524;28.228386465429637;kozepkoru
439;440;0.36596140218094225;0.9038137659923271;0.22179478920057105;24.840980089578082;fiatal
572;573;0.402655908576246;0.8751055079723746;0.268437272384164;28.228386465429637;kozepkoru
222;223;0.40544094597958036;0.8811583225956212;0.2432645675877482;28.228386465429637;fiatal
519;520;0.40648764597130377;0.8834331505776335;0.2330529170235475;28.228386465429637;fiatal
573;574;0.37725998283334944;0.9043143706152347;0.19972587326471442;25.59373706198954;fiatal
225;226;0.46562592649974766;0.7666366264591805;0.44210946556541697;37.26147013436712;idos
756;757;0.4475625969755488;0.8684845631787436;0.21312504617883277;31.615792841281195;fiatal
741;742;0.3779865136817835;0.8855684034830356;0.2699903669155596;26.026174895895306;kozepkoru
461;462;0.40076484426814085;0.8426337751278858;0.35966075767653666;29.000594883997625;kozepkoru
503;504;0.3854679157321299;0.8780102525009627;0.2837472157472623;26.769779892920884;kozepkoru
764;765;0.398716084749347;0.9081866374846237;0.1273676381838192;26.769779892920884;fiatal
27;28;0.395723881062919;0.9013710624210932;0.17587728047240844;26.769779892920884;fiatal
277;278;0.43811248305522993;0.8553624669173537;0.276428114308657;31.231409875074366;kozepkoru
615;616;0.41486519071596734;0.8197336298484174;0.39487168754893276;30.859607376561577;idos
666;667;0.36870991745088094;0.8763540066948475;0.30993007553842167;25.654372397382513;kozepkoru
29;30;0.4546287255996777;0.7848327473510225;0.4211297668712804;35.32123735871506;idos
372;373;0.37960039041532884;0.8893494861159132;0.25487454785029223;26.026174895895306;kozepkoru
14;15;0.4207840245080964;0.8415680490161928;0.3386798246040776;30.487804878048784;kozepkoru
265;266;0.4383773300159901;0.8767546600319802;0.19780440500721505;30.487804878048784;fiatal
488;489;0.43745656554657564;0.8342194970888187;0.3357224805357441;31.975014872099948;kozepkoru
325;326;0.3987166549239642;0.8957470055826046;0.1966273914693522;27.141582391433676;fiatal
122;123;0.43055271367243675;0.871736358546662;0.23388048643934833;30.116002379535995;fiatal
436;437;0.41782436005311085;0.8565399381088772;0.30292266103850535;29.744199881023206;kozepkoru
280;281;0.4241318325876598;0.7815462982514181;0.45749051604961055;33.09042236763832;idos
617;618;0.43711987773044225;0.7965295549754725;0.41769232760908925;33.462224866151104;idos
678;679;0.4422208185147001;0.7883066764827262;0.427800574432699;34.20582986317669;idos
383;384;0.4063764406654313;0.8769175824885623;0.25665880463079876;28.256989886972047;kozepkoru
288;289;0.41106755045534293;0.8642958753163621;0.28985532403902387;29.000594883997625;kozepkoru
446;447;0.4150054028399475;0.8839076112435246;0.21558722225451818;28.628792385484836;fiatal
759;760;0.4003442231473171;0.8994034602213699;0.1754933580919746;27.141582391433676;fiatal
667;668;0.4317155068759152;0.7866815903072233;0.4413091848064911;33.462224866151104;idos
294;295;0.4090976710917706;0.8945602407873383;0.18000297528037904;27.885187388459254;fiatal
67;68;0.3958780750493717;0.9002585074240987;0.18114957771338572;26.81330619609919;fiatal
670;671;0.44368605956282586;0.799610041409928;0.40468069168917087;33.834027364663896;idos
365;366;0.4045407373955631;0.8965497423361128;0.1804033018115349;27.513384889946465;fiatal
330;331;0.43336074314085826;0.8314479374214142;0.34769641019440956;31.58861340679523;kozepkoru
7;8;0.4186390404298632;0.8970836580639926;0.1413586370282655;28.282828282828287;fiatal
9;10;0.46122229274216475;0.8095923223665659;0.3630898900310659;34.527089072543625;idos
82;83;0.34971921831328046;0.9307043713176013;0.10717201851536015;22.77318640955005;fiatal
709;710;0.4022931402734437;0.8620567291573794;0.3082505880017296;28.282828282828287;kozepkoru
378;379;0.41610680879443485;0.8916574474166461;0.17833148948332922;28.282828282828287;fiatal
637;638;0.413432871310681;0.7932142298402601;0.44708438409178297;31.58861340679523;idos
386;387;0.44797043420188304;0.7947862542291473;0.40943534308774254;34.159779614325075;idos
329;330;0.3453784423283187;0.919152306196332;0.18940108127681993;22.77318640955005;fiatal
772;773;0.44614044414676013;0.8660373327554756;0.22569457762718453;31.22130394857668;fiatal
44;45;0.434352614380368;0.8634720647320568;0.2564250374052775;30.48668503213958;kozepkoru
445;446;0.3721825047132248;0.8772873325383156;0.3030628966950545;25.71166207529844;kozepkoru
760;761;0.38713517474661086;0.8996803356787435;0.20174649951583945;26.07897153351699;fiatal
23;24;0.4456067574553731;0.865001352707489;0.23066702738866374;31.22130394857668;fiatal
656;657;0.37338799850612725;0.9195376082613582;0.12260501443484777;24.609733700642796;fiatal
80;81;0.42637484825203414;0.8685413575504399;0.25266657674194615;29.752066115702483;kozepkoru
683;684;0.3820911973770922;0.9136963415539161;0.13843883962938122;25.344352617079892;fiatal
216;217;0.44282369517215314;0.8029220846528051;0.3990279451001819;33.425160697887975;idos
558;559;0.3975973524834753;0.8986789473941564;0.18518232855394737;26.813590449954088;fiatal
640;641;0.4412577903461135;0.8465992489198689;0.2975924632566812;31.58861340679523;kozepkoru
58;59;0.4004847720189765;0.8471793254247579;0.34914057047808206;28.650137741046834;kozepkoru
633;634;0.455536559907869;0.8445340717393077;0.2815113572464359;32.690541781450875;kozepkoru
610;611;0.4363402723092879;0.8371644759422384;0.32979206628027574;31.58861340679523;kozepkoru
85;86;0.4090398478467227;0.8880470380882796;0.20990202718450246;27.915518824609737;fiatal
237;238;0.4106266839043458;0.8262610102953301;0.385588471471154;30.119375573921033;idos
675;676;0.4120653006705671;0.882997072865501;0.2247628912748548;28.282828282828287;fiatal
432;433;0.4019070429921458;0.8501879755603085;0.3400751902241234;28.650137741046834;kozepkoru
515;516;0.4275457682921621;0.89297533883806;0.14071126551387614;29.017447199265384;fiatal
689;690;0.42235120615895927;0.8821259369142821;0.2085024941797394;29.017447199265384;fiatal
244;245;0.42244246096535354;0.8397952537263053;0.3410077696949239;30.48668503213958;kozepkoru
279;280;0.4279736539293754;0.7934343022286173;0.4327823466701549;32.690541781450875;idos
426;427;0.4195877517874854;0.854715790678211;0.3056256463637239;29.752066115702483;kozepkoru
210;211;0.439958366722853;0.8156531517895589;0.3756947850667059;32.690541781450875;idos
267;268;0.43601603562108293;0.8826666086963386;0.17546986799385045;29.757584555087824;fiatal
713;714;0.4157346248653722;0.8519993546623678;0.3182166264401614;29.3946871824648;kozepkoru
349;350;0.4268551218335954;0.8537102436671908;0.2982843020041992;30.120481927710845;kozepkoru
705;706;0.3836149173862729;0.9097153755160187;0.15892618006002734;25.402816083611555;fiatal
49;50;0.4493019160808901;0.8196056930706347;0.35549162591015476;33.02366090869502;kozepkoru
91;92;0.40152877244175117;0.8545355926324448;0.3294595055932317;28.305995064595734;kozepkoru
257;258;0.45610740481704015;0.8320201010948205;0.3157666648733355;33.02366090869502;kozepkoru
748;749;0.4420517674155832;0.7724272988524927;0.4560112969129174;34.47525039918711;idos
681;682;0.45224027939437145;0.8072245847254372;0.3792982988468922;33.74945565394107;idos
751;752;0.37243644194377246;0.9091830788627386;0.18621822097188623;24.677021338365513;fiatal
547;548;0.44767255696783276;0.8257071606295582;0.34321562700867175;32.660763536072004;kozepkoru
183;184;0.424261417086358;0.8803424404541929;0.212130708543179;29.03178980984178;fiatal
704;705;0.420653171361788;0.7935048459779183;0.4397737700600511;31.934968790825955;idos
645;646;0.4065150202453946;0.8541961184903228;0.32418286424632736;28.668892437218755;kozepkoru
708;709;0.3948484867909936;0.8978746411959581;0.19471980170514755;26.491508201480624;fiatal
686;687;0.4312284755955295;0.862456951191059;0.2649717139201446;30.120481927710845;kozepkoru
706;707;0.41773671490156816;0.8561024033785225;0.30427736023694474;29.3946871824648;kozepkoru
495;496;0.41002684855113386;0.8955849586774766;0.17264288360047741;27.58020031934969;fiatal
650;651;0.45933444722795436;0.8287991113026133;0.3195370067672726;33.386558281318045;kozepkoru
74;75;0.3709593731079417;0.9110325780739156;0.18002440165532463;24.38237297859371;fiatal
323;324;0.4326666321331837;0.850062677249902;0.300321544657151;30.477966223242138;kozepkoru
601;602;0.3873283968846487;0.8741059767531938;0.2931133814262207;26.533758829646096;kozepkoru
206;207;0.4564670769757075;0.8024210721572963;0.3843933279795432;34.06360930832945;idos
447;448;0.4502364362098157;0.835438720522658;0.315165505346871;32.2707877657858;kozepkoru
98;99;0.35608589424763787;0.8875573781993361;0.2923093161734341;24.023808670084982;kozepkoru
131;132;0.4091346701830522;0.8990196042180226;0.1561171767803752;27.250887446663558;fiatal
236;237;0.42507021603268036;0.86569178143241;0.2643729392398378;29.402273297715947;kozepkoru
41;42;0.38976409069514484;0.856455304553805;0.3384793419194679;27.250887446663558;kozepkoru
497;498;0.4241186482899319;0.874417460054551;0.2356214712721844;29.043708989207214;fiatal
172;173;0.39376610282491753;0.9133185996077948;0.10391049935657547;25.816630212628635;fiatal
28;29;0.3956130175574954;0.8470176145141248;0.3550373234490343;27.968016063681024;kozepkoru
490;491;0.45047016871931816;0.8089087975927541;0.3778136898936217;33.34648069131199;idos
412;413;0.41600963014852177;0.9022546524000407;0.11345717185868774;27.60945175517229;fiatal
516;517;0.43513114718848744;0.8861817265911879;0.15919432214212956;29.402273297715947;fiatal
622;623;0.39030178941659244;0.892882175788643;0.22455719391091622;26.175194521137367;fiatal
253;254;0.4100504139182302;0.8893301184979798;0.20236254193367204;27.60945175517229;fiatal
510;511;0.44924682356233514;0.7981299950522337;0.4014546082897463;33.70504499982072;idos
90;91;0.45597665700615186;0.8276967578263844;0.3271136887218046;32.987916382803256;kozepkoru
342;343;0.39166449494406175;0.8959995980227166;0.20924541510710148;26.175194521137367;fiatal
723;724;0.4775204775207163;0.8483608483612726;0.2286002286003429;33.70504499982072;fiatal
304;305;0.4393828672716413;0.8063399871908142;0.39592741886016025;32.62935207429452;idos
335;336;0.4403469098410768;0.8406622824238739;0.31524835590895267;31.17913832199547;kozepkoru
274;275;0.4738523846877072;0.8041131376518668;0.3589790793088691;35.0765306122449;idos
100;101;0.45263665122538727;0.8265538848463594;0.3345575248187645;32.596371882086174;kozepkoru
669;670;0.4255822751947137;0.7856903542056253;0.44896591668892877;32.242063492063494;idos
745;746;0.4200537143315596;0.8019207273602501;0.4248270519944182;31.17913832199547;idos
442;443;0.3948658154741804;0.9087322876666071;0.135228018998007;25.86451247165533;fiatal
59;60;0.4364357804719847;0.8728715609439694;0.21821789023599236;29.761904761904766;fiatal
278;279;0.40872030853164226;0.9034869978067881;0.12906957111525544;26.92743764172336;fiatal
472;473;0.43593592459939023;0.8718718491987805;0.22315767568778308;29.761904761904766;fiatal
177;178;0.4377866944833746;0.8263838727326621;0.3541645168854266;31.533446712018144;kozepkoru
162;163;0.39933368701320515;0.8601033258745957;0.31741908454895795;27.636054421768712;kozepkoru
297;298;0.4724881605051934;0.7632501054314662;0.4406860727788823;36.84807256235828;idos
209;210;0.4155248191611463;0.8836477166971213;0.21565212133679745;27.99036281179139;fiatal
77;78;0.4334766833795805;0.8370536721719282;0.3338249764018999;30.82500488594614;kozepkoru
403;404;0.4414507982329818;0.7889758947142653;0.42736194297022706;33.30498866213152;idos
721;722;0.4274719733014756;0.875796237983511;0.2241621323410177;29.053287981859416;fiatal
769;770;0.3784447295090693;0.9082673508217664;0.17840965819713267;24.801587301587304;fiatal
296;297;0.39834276625061443;0.8805471675013582;0.25682625718789615;26.92743764172336;kozepkoru
604;605;0.440980480431041;0.8231635634712765;0.3576841674607333;31.88775510204082;idos
4;5;0.41566568701050555;0.8516077489971333;0.319352905873925;29.053287981859416;kozepkoru
758;759;0.483216995388014;0.7958868159331994;0.36478145730271644;36.13945578231293;idos
451;452;0.37608462911640983;0.9156843143703891;0.1417130486525602;24.44727891156463;fiatal
638;639;0.41589344987027244;0.8810128221287981;0.22549732947344236;28.098980934762185;fiatal
505;506;0.4394219057377803;0.8202542240438566;0.36618492144815024;31.88775510204082;idos
659;660;0.38377817713113477;0.9080948416624034;0.16756511959246728;25.15589569160998;fiatal
20;21;0.3815109631486343;0.9027301663235291;0.19881557234506295;25.15589569160998;fiatal
750;751;0.4085469947546226;0.8913752612828129;0.1963147896872862;27.281746031746035;fiatal
494;495;0.4232500783042762;0.8317356189932869;0.35927041530479253;30.110990511536716;idos
475;476;0.44251232921133615;0.8402762206372563;0.3132390644979121;31.161373901474043;kozepkoru
434;435;0.4309571912635542;0.8371467278567891;0.3368401035163412;30.461118308182492;kozepkoru
105;106;0.4600046220314672;0.8097998033678954;0.36417032577491154;33.61226847799447;idos
441;442;0.4384405924506576;0.882100715763823;0.17224451846275832;29.410734918245165;fiatal
752;753;0.4497100011429431;0.8735745999213493;0.18608689702466613;30.461118308182492;fiatal
40;41;0.43841804776543736;0.814204945850098;0.38060467882933574;31.861629494765594;idos
1;2;0.42691073820393605;0.8389292413542465;0.337557327882182;30.110990511536716;kozepkoru
380;381;0.45203123269676965;0.7716492760177179;0.4474652606493275;34.6626518679318;idos
306;307;0.48335872364004334;0.8087883593580923;0.3350010955921092;35.36290746122335;kozepkoru
455;456;0.4111947971932607;0.9024924769566371;0.12816461211218516;26.959840341724732;fiatal
428;429;0.39398495078683665;0.9121021463421286;0.11333813652772012;25.55932915514163;fiatal
180;181;0.3901605824159643;0.8910424111932158;0.2319873733284112;25.909456951787405;fiatal
695;696;0.4048000394275258;0.8551400832906482;0.3238400315420206;28.01022373166206;kozepkoru
321;322;0.4192851386213853;0.8857398553376764;0.19916044084515802;28.01022373166206;fiatal
64;65;0.42830501999929854;0.8827261997546519;0.19325958219480543;28.71047932495361;fiatal
652;653;0.41406113535549127;0.885776352849089;0.2096512077749323;27.660095935016283;fiatal
623;624;0.42029006724449347;0.8991015362572076;0.12236293096991582;27.660095935016283;fiatal
232;233;0.39080878126885;0.8690353162425742;0.3033910275639756;26.609712545078956;kozepkoru
347;348;0.40777203443781085;0.9067562344735531;0.10730843011521339;26.609712545078956;fiatal
166;167;0.3954366368175999;0.879326205554926;0.26535879575917887;26.609712545078956;kozepkoru
484;485;0.4124271758168588;0.8988797421649487;0.14805078106246214;26.989619377162633;fiatal
351;352;0.4194953094808589;0.9027114254651394;0.0955812097551324;27.33564013840831;fiatal
583;584;0.46576926298056537;0.7839680664029318;0.41043034064624073;34.94809688581315;idos
302;303;0.43153113493295964;0.8946377187634529;0.11577664595762331;28.373702422145332;fiatal
668;669;0.44988473472871143;0.822369945203021;0.3482978591448089;32.17993079584775;kozepkoru
465;466;0.35954091272476973;0.926090229745619;0.11439938132151764;22.837370242214536;fiatal
316;317;0.3444795559952039;0.9150238206122604;0.20991722943457738;22.145328719723185;fiatal
549;550;0.4204706649821094;0.8935001630869824;0.157676499368291;27.68166089965398;fiatal
70;71;0.4062379437091683;0.8632556303819827;0.29960048348551166;27.68166089965398;kozepkoru
170;171;0.4122951669772537;0.8653108442732484;0.28504357223118776;28.027681660899656;kozepkoru
729;730;0.43441820815511;0.7940977998534269;0.42507588109801087;32.17993079584775;idos
261;262;0.39961160133720197;0.8386910151521524;0.3700107419788907;28.027681660899656;idos
31;32;0.39664919471121085;0.8324736185297018;0.3868553874343908;28.027681660899656;idos
702;703;0.4574493601599159;0.8273020343317627;0.32605433117781235;32.52595155709343;kozepkoru
107;108;0.44522148807962;0.89044297615924;0.09428219747568424;29.411764705882355;fiatal
586;587;0.4104696884796208;0.9062317797602017;0.1012847283261402;26.643598615916957;fiatal
341;342;0.43014420583789803;0.881018252920996;0.1969334918293991;28.719723183391007;fiatal
569;570;0.4252609490111828;0.8710164015891696;0.24593404280164788;28.719723183391007;kozepkoru
291;292;0.4385939689474824;0.8377637609109214;0.32524946011835776;30.795847750865054;kozepkoru
743;744;0.44939179517356936;0.8583888222416494;0.24741795464612246;30.795847750865054;kozepkoru
224;225;0.40893859919235276;0.9028514527623372;0.1327722724650496;26.643598615916957;fiatal
354;355;0.45565547620968483;0.8512245159961145;0.2603745578341056;31.487889273356405;kozepkoru
593;594;0.4224705520267469;0.7892307015884282;0.44568321972052416;31.487889273356405;idos
735;736;0.4382807345978687;0.818766207490524;0.37085292927511965;31.487889273356405;idos
112;113;0.41882726068237597;0.8827555558259828;0.21289986934626642;27.909082559266558;fiatal
421;422;0.43141484197043173;0.8836207606623301;0.18192192131283266;28.719723183391007;fiatal
339;340;0.41479785232356636;0.7923105044382729;0.4474224025063188;30.795847750865054;idos
384;385;0.42379344841321;0.8004987358916188;0.42379344841321;31.14186851211073;idos
87;88;0.4796164601864589;0.75939272862856;0.43964842183758734;36.93444136657433;idos
292;293;0.3988251410445214;0.8973565673501731;0.18891717207372066;25.990903183885642;fiatal
521;522;0.42172058957574643;0.8902990224376869;0.17181209204937817;27.70083102493075;fiatal
496;497;0.4287952025784142;0.8428043636886072;0.32529291230086593;29.75274443418488;kozepkoru
258;259;0.44795527130001267;0.8511150154700241;0.27375044357222994;30.778701138811947;kozepkoru
691;692;0.4434880985377614;0.8243094005430129;0.3518981651440933;31.462672275229988;idos
123;124;0.47859904314420093;0.8023572193888074;0.35660320861724776;34.88252795732021;idos
21;22;0.4074162708336148;0.8708522789068517;0.27500598281269;27.358845456721728;kozepkoru
268;269;0.44788083383186966;0.832474158535323;0.32617408550799204;31.462672275229988;kozepkoru
646;647;0.4783264035559438;0.778988714362537;0.4054385706331333;35.90848466194727;idos
125;126;0.4075956149218418;0.8935750019440378;0.18812105304085008;26.674874320303687;fiatal
108;109;0.44998132648139677;0.8363783350904223;0.3130304879870586;31.462672275229988;kozepkoru
191;192;0.4279736539293754;0.8222864586732944;0.37507803378080096;30.436715570602924;idos
211;212;0.46852075740541216;0.7703562453492834;0.4324806991434574;35.56649909373825;idos
535;536;0.36188135163682306;0.9100251636749521;0.20222781414998936;23.25501863821347;fiatal
613;614;0.45523740881545516;0.8370494291122884;0.3034916058769701;31.80465784343901;kozepkoru
218;219;0.44147650715878084;0.8677296864845002;0.22834991749592112;29.75274443418488;fiatal
307;308;0.4470227997449487;0.780009170983533;0.43789988546443953;33.51458568448412;idos
726;727;0.4514355811687514;0.7877090242842498;0.41919018251384055;33.51458568448412;idos
390;391;0.4550918524097134;0.7860677450713232;0.4183167532250901;33.856571252693136;idos
352;353;0.4479546293064525;0.7737398142565998;0.4479546293064525;33.856571252693136;idos
543;544;0.4227077418783545;0.8503885160141015;0.3133010322157216;29.06877329776684;kozepkoru
266;267;0.468743025916876;0.8437374466503768;0.2615092670904677;32.488628979857054;kozepkoru
467;468;0.4385991088695724;0.7894783959652303;0.42936544341968663;32.488628979857054;idos
73;74;0.4212001507951934;0.8783564120241228;0.22600983701205501;28.042816593139772;fiatal
560;561;0.4541645794655733;0.8261930115809898;0.3333761274800485;32.14664341164803;kozepkoru
24;25;0.3702667296781771;0.9045087253566898;0.21158098838752978;23.938989774631512;fiatal
398;399;0.42410120788604444;0.8953247722038716;0.13613125191403896;27.70083102493075;fiatal
400;401;0.3965756797301078;0.9041925497846458;0.15863027189204312;25.64891761567662;fiatal
415;416;0.4753450033294225;0.7969019173463847;0.372819610454449;34.88252795732021;idos
318;319;0.3431697053236309;0.9169065564115763;0.20375701253590583;21.887076365377382;fiatal
566;567;0.44391221857192503;0.8725171192620595;0.2040975717572069;29.75274443418488;fiatal
137;138;0.44459756914991605;0.8689861578839267;0.2172465394709817;29.745808545159548;fiatal
350;351;0.44783754720588737;0.7941036919527076;0.41090249176622656;32.787993510005414;idos
190;191;0.3714795702088783;0.9127783725132438;0.16981923209548722;23.661438615467823;fiatal
39;40;0.4638735882923953;0.7978625718629199;0.3850150782826881;33.802055164954034;idos
328;329;0.472964559693172;0.767451927049298;0.43280719141733665;35.83017847485127;idos
264;265;0.44526811175025277;0.7895475795983864;0.42231614722704386;32.787993510005414;idos
761;762;0.4231910229276432;0.8178523139725239;0.38990633573108696;30.08382909680909;idos
548;549;0.43832967198898826;0.8020500381075104;0.4056881006706593;31.77393185505679;idos
737;738;0.44959817488372444;0.868886360449445;0.2071182603396933;30.08382909680909;fiatal
229;230;0.46555339520038036;0.8341164997340148;0.295820386533575;32.44997295835587;kozepkoru
677;678;0.42445943031935135;0.8796026748786557;0.21478669967967176;28.055705786911847;fiatal
147;148;0.44088228123004625;0.8921382631949172;0.09855015698083387;28.73174689021093;fiatal
134;135;0.43095063608140954;0.8145440594066202;0.38832914460083057;30.75987020010817;idos
576;577;0.406725917391042;0.8744607223907404;0.2643718463041773;27.041644131963228;kozepkoru
440;441;0.37669625744487667;0.9125599476129406;0.1591674327231873;23.99945916711736;fiatal
581;582;0.4584619590088922;0.8479081392422523;0.26620371813419547;31.435911303407252;kozepkoru
485;486;0.43857471776321705;0.8470048997986175;0.300391272602998;30.10434781259838;kozepkoru
550;551;0.462505372783061;0.7799110207714361;0.4216960751845556;34.47809626825311;idos
34;35;0.4580304595981194;0.7723650887340836;0.44006848079035;34.47809626825311;idos
11;12;0.3844419384015546;0.870052807961413;0.3085652400328267;25.689561925365066;kozepkoru
361;362;0.41369300657429453;0.8085817855770302;0.4183940634671842;29.745808545159548;idos
37;38;0.45790505196511305;0.8378688184893558;0.29715115074331805;31.77393185505679;kozepkoru
223;224;0.46079711351070995;0.8522269196112056;0.2477403836079086;31.435911303407252;kozepkoru
331;332;0.4501536629700786;0.8415916307701469;0.2984714504475521;31.09789075175771;kozepkoru
103;104;0.46445520969623283;0.8235700625541448;0.32559746659117356;32.787993510005414;kozepkoru
185;186;0.44186893085974505;0.8837378617194901;0.15414032471851571;29.069767441860467;fiatal
327;328;0.40789088326865836;0.8994516913103748;0.15688110894948398;26.365603028664147;fiatal
458;459;0.4148666684849095;0.8494888926119575;0.325966668095286;28.393726338561386;kozepkoru
642;643;0.39969406024355747;0.8928230956089855;0.2076332780486013;26.027582477014604;fiatal
94;95;0.45061980846759203;0.8120544465093065;0.3708225507181226;32.075912994086;idos
336;337;0.4640885603920702;0.8109830398770519;0.3562700059575488;33.07828527515119;idos
684;685;0.4685292850145818;0.8105556630752265;0.3513969637609363;33.41240936883958;idos
542;543;0.4585414195482002;0.8350280587561961;0.3040853624372275;31.741788900397605;kozepkoru
104;105;0.45733932893513624;0.7756833716252801;0.4349207343794923;34.08065755621638;idos
609;610;0.46902732284432913;0.8033834341789005;0.366862955492099;33.746533462527985;idos
16;17;0.4528920307744302;0.7757457556829349;0.4394397922365758;33.746533462527985;idos
343;344;0.4723312897772095;0.7782220298234024;0.413852177709555;35.083029837281565;idos
144;145;0.4857260643039346;0.800291515472197;0.35157315130570505;35.083029837281565;idos
712;713;0.4532404671068674;0.8522891392335659;0.2611059212680866;30.73941661933242;kozepkoru
754;755;0.4482410192481636;0.8077676701034615;0.38287253727447307;32.075912994086;idos
93;94;0.4444982599466303;0.8094547260080741;0.383672182269723;31.741788900397605;idos
452;453;0.4866365690559713;0.8253737886929708;0.28625680532704195;34.08065755621638;kozepkoru
504;505;0.4460831382687985;0.812340872847391;0.3756489585421461;31.741788900397605;idos
369;370;0.4995268374377267;0.8309436815069877;0.24496027605119292;34.74890574359317;kozepkoru
138;139;0.4520570696119049;0.8500638374223864;0.2702515090071171;30.73941661933242;kozepkoru
276;277;0.4862251135612229;0.7788605985749218;0.3961834258647001;36.08540211834675;idos
305;306;0.43385803812788903;0.8642110637548197;0.2547674234190509;29.01895192684745;kozepkoru
502;503;0.4591149078853469;0.7786948927859316;0.42760702205007806;34.08065755621638;idos
111;112;0.4571503208824944;0.7908700551267154;0.40686378558542;33.41240936883958;idos
590;591;0.4353824948601449;0.8861314307153538;0.15878655694899402;28.40054796351365;fiatal
46;47;0.37780565458681264;0.8600049768884024;0.3430077653485536;25.393431120318084;kozepkoru
143;144;0.44021123647825317;0.8556915046150314;0.2720406517562239;29.737044338267232;kozepkoru
395;396;0.43044924173194027;0.8367159417935468;0.3385555833846721;29.737044338267232;kozepkoru
722;723;0.4201574877126162;0.8973733996825013;0.13486536642627187;27.064051588760066;fiatal
577;578;0.4308674325555616;0.8769419509660253;0.21289920196863044;28.40054796351365;fiatal
285;286;0.3712474757795286;0.8920251848591452;0.2578107470691171;24.0569347455645;kozepkoru
48;49;0.3883725255021729;0.9079519852956204;0.15744832114952956;24.725182932941294;fiatal
557;558;0.43284595397440895;0.8914565480663422;0.1339761286111266;28.06642386982525;fiatal
699;700;0.41922792837794953;0.895388044560312;0.15009394966617945;27.064051588760066;fiatal
697;698;0.44110757940726425;0.8479067915272969;0.29407171960484285;30.071168431955627;kozepkoru
168;169;0.4138775726367718;0.8731807325141648;0.2574116610301873;27.39817568244846;kozepkoru
145;146;0.424800827235396;0.8748874179967084;0.23262902443843114;28.06642386982525;kozepkoru
167;168;0.4421144957861503;0.8791472157586667;0.1778621534771869;29.06879615089044;fiatal
84;85;0.4349818851990021;0.8750216992956671;0.21243301370183826;28.734672057202044;fiatal
101;102;0.4224559763056256;0.8964309741119372;0.13394945590178373;27.08415906989034;fiatal
513;514;0.4607842120516264;0.8098631605755858;0.36304210646491775;32.69916765755053;idos
282;283;0.48134096177104774;0.8211110524329638;0.30673688740311866;33.69005152596116;kozepkoru
68;69;0.39806400799451913;0.9113570709348202;0.10475368631434714;25.102391333069097;fiatal
26;27;0.48156302364527215;0.7617451464934305;0.4334067212807449;36.332408508389484;idos
607;608;0.42657734090051536;0.8836244918653532;0.1929754637407093;27.74474831549742;fiatal
193;194;0.425747405804709;0.8925307061448116;0.14875511769080194;27.414453692693883;fiatal
420;421;0.4655827178902619;0.8351689991021193;0.29278913186913375;32.038578411943455;kozepkoru
324;325;0.45307882513949965;0.7805516393492371;0.43064918033061356;33.35975690315762;idos
247;248;0.4815601878759676;0.798014025623032;0.36231671278287086;34.68093539437178;idos
768;769;0.44367271956787496;0.821266523455428;0.3587141136931755;31.04769454353283;idos
159;160;0.4466276420881964;0.8267362736526189;0.34209776840798023;31.04769454353283;kozepkoru
725;726;0.41460700328691713;0.8797758362429705;0.2325844164780267;27.08415906989034;kozepkoru
188;189;0.45345110246042186;0.8218801232095145;0.34481177582927913;31.708283789139912;idos
78;79;0.42368464651197674;0.8283272864391455;0.3665586267575529;29.396221429515126;idos
538;539;0.3822254657729741;0.8867630805932999;0.2599133167256224;24.772096710265558;kozepkoru
744;745;0.4075946775768895;0.9065841737447409;0.10941533131402045;25.8387275537547;fiatal
561;562;0.4345000015925989;0.8669513750811972;0.24414147918953255;28.803535212117286;kozepkoru
585;586;0.41948631262789376;0.8927891755685374;0.16419111274823678;27.00347341954;fiatal
348;349;0.4389720671418715;0.8302297791596266;0.3435433568936386;30.38710529792575;kozepkoru
66;67;0.4468468147009188;0.854410392944614;0.2651618460862595;30.056810675122207;kozepkoru
127;128;0.4229444261101448;0.8811342210628017;0.2114722130550724;27.428571428571427;fiatal
470;471;0.4492964396943866;0.8640316147968973;0.22711688160375584;29.714285714285715;kozepkoru
694;695;0.4032134448864297;0.8931943399382937;0.19905473861481973;25.79591836734694;fiatal
233;234;0.4502854271109257;0.865933513674857;0.21772042629539262;29.714285714285715;fiatal
431;432;0.4514961428801912;0.7822952970696382;0.4291448486782015;32.97959183673469;idos
391;392;0.4714335794762676;0.7932776577725655;0.3853062909181033;33.95918367346939;idos
717;718;0.43427109658804275;0.8444160211434164;0.3136402364246975;29.387755102040817;kozepkoru
8;9;0.45370142267826263;0.8821972107632885;0.12602817296618407;29.387755102040817;fiatal
355;356;0.43425078658727095;0.8084456133273662;0.3972932728351628;30.693877551020407;idos
345;346;0.4296108388358539;0.8844929034855815;0.18195282585989106;27.755102040816325;fiatal
200;201;0.4603079005311467;0.7820765300286473;0.4200868218439591;33.63265306122449;idos
711;712;0.43612447013469546;0.8772618652134678;0.20051699776307835;28.408163265306122;fiatal
501;502;0.4724460261245968;0.7874100435409946;0.395954764752043;34.285714285714285;idos
263;264;0.4657413814350545;0.8150474175113455;0.3446486222619404;32.6530612244898;idos
374;375;0.44559272214448653;0.8295609188860121;0.33656471566232493;30.693877551020407;kozepkoru
701;702;0.461074321355186;0.831835115846985;0.30896732874316585;31.6734693877551;kozepkoru
536;537;0.4477945967209301;0.8078768497542553;0.3831644487405897;31.6734693877551;idos
199;200;0.37502529166052523;0.899033233432766;0.22604264154880974;23.836734693877553;fiatal
201;202;0.4344930789419634;0.8841428931958557;0.17177633353519484;28.081632653061224;fiatal
295;296;0.43366068104445216;0.8623933998043082;0.26118200108359046;28.73469387755102;kozepkoru
151;152;0.40188036922121934;0.901654674534787;0.15972168520330512;25.46938775510204;fiatal
86;87;0.4600024872704004;0.7747134709146537;0.43383954371220607;33.929778430749955;idos
176;177;0.4621735731626159;0.8513723716153452;0.24811423401361488;31.020408163265305;kozepkoru
142;143;0.3846710281048058;0.8975657322445468;0.21541577573869125;24.489795918367346;fiatal
194;195;0.4697120397524471;0.8104835195728499;0.3499815198155488;32.928719008264466;idos
387;388;0.43877354541832636;0.8215334467406962;0.36408868662371763;30.34607438016529;idos
492;493;0.406768200205546;0.8838420152614332;0.23100416307969276;26.149276859504134;kozepkoru
315;316;0.40407818816054236;0.8672897697104324;0.2907391841642927;26.47210743801653;kozepkoru
606;607;0.45971030823547027;0.8516738342046607;0.2516309055604679;30.668904958677686;kozepkoru
314;315;0.42469222696078274;0.8898313326797352;0.16684337487745035;27.117768595041323;fiatal
405;406;0.47098296017227004;0.804786417381743;0.36123935780203237;33.25154958677686;idos
594;595;0.41874043879310147;0.8773609193760221;0.23429524551518774;27.117768595041323;kozepkoru
227;228;0.44078780913497506;0.8525126857995122;0.2809416805475665;29.3775826446281;kozepkoru
174;175;0.390640197915993;0.8814445491437791;0.26543500627625166;25.180785123966942;kozepkoru
275;276;0.42966319240937945;0.8131260415489331;0.39270291779351885;30.023243801652892;idos
202;203;0.4793774020990589;0.7885086240134053;0.38529398673382304;34.54287190082645;idos
443;444;0.3632104405220678;0.8878477434983879;0.2824970092949416;23.243801652892564;kozepkoru
119;120;0.4394700039571802;0.8690642774883565;0.22714179979809315;28.731921487603305;kozepkoru
512;513;0.4346095761786673;0.8894335512493656;0.14150079224421727;27.763429752066116;fiatal
290;291;0.4502512433119984;0.800446654776886;0.3956753350317561;31.960227272727273;idos
2;3;0.4480461049226978;0.8417104935238002;0.30129409711363303;30.24456181584504;kozepkoru
51;52;0.45913944947962126;0.7945771030839236;0.3972885515419618;32.83189085009118;idos
555;556;0.45612495886544324;0.8498328180966679;0.26407234460630924;30.323342589932647;kozepkoru
221;222;0.4247302275819478;0.8949672652619615;0.1365204302941975;26.812218711098343;fiatal
529;530;0.461439435222959;0.8249977781258964;0.3262703077334053;31.600114909508758;kozepkoru
679;680;0.41864233400505774;0.8927673869746412;0.16644815689357717;26.493025631204315;fiatal
660;661;0.45940102569437524;0.838288469566025;0.2936377690005285;30.961728749720702;kozepkoru
205;206;0.4210036453246463;0.8766781790877929;0.23279025094421618;27.13141179099237;kozepkoru
649;650;0.47050098091911136;0.8327867362268271;0.29171060816984906;31.91930798940279;kozepkoru
392;393;0.4465723754315853;0.8065643923611285;0.38733318277229334;31.28092182961473;idos
303;304;0.408765173782399;0.8613266161843408;0.3017076282679612;26.812218711098343;kozepkoru
766;767;0.4189889077363208;0.8935064658955274;0.1615378921393044;26.493025631204315;fiatal
575;576;0.37981508181241624;0.8618880702666368;0.33599026468021437;24.897060231734173;kozepkoru
629;630;0.4805835558711673;0.8024838621622322;0.35363695620708535;33.834466468766955;idos
413;414;0.435910722197618;0.8767749753292999;0.2030947682966175;28.088991030674453;fiatal
631;632;0.4666842038813346;0.779274566858455;0.4182547110257244;33.834466468766955;idos
424;425;0.39574390546518207;0.8755833908417153;0.2770207338256275;25.53544639152223;kozepkoru
654;655;0.4937528967705534;0.7873357002557474;0.3692026165041075;35.43043186823709;idos
767;768;0.411884522286311;0.900043956107124;0.1423798348644038;25.854639471416256;fiatal
289;290;0.48980999057833496;0.825679698403479;0.27989142318762;33.51527338887293;kozepkoru
153;154;0.4550108579766745;0.8754013245855585;0.16321041644815498;29.365763350250564;fiatal
747;748;0.42539387355275055;0.8556217683958732;0.29487529871270207;28.088991030674453;kozepkoru
753;754;0.4375908605686402;0.8702649698949362;0.22617055714783652;28.40818411056848;kozepkoru
178;179;0.4356102095884971;0.8202447563528084;0.37073209326680606;30.00414951003862;idos
38;39;0.4077594602456211;0.8490991113349993;0.3358019084375703;27.13141179099237;kozepkoru
269;270;0.3778075204735653;0.9160538510112474;0.13456158263442053;23.301094832264035;fiatal
570;571;0.4384449249224675;0.876889849844935;0.19705389884155844;28.089887640449437;fiatal
169;170;0.5106355636421879;0.7638078178849532;0.39477707441244775;37.558389092286326;idos
62;63;0.45165474386894966;0.8120661051381115;0.3695356995291406;31.246054791061734;idos
116;117;0.4382070193268745;0.8863732890929962;0.14938875658870723;27.77427092538821;fiatal
507;508;0.3824791636700785;0.8841726121204412;0.26823214075563945;24.302487059714682;kozepkoru
139;140;0.4494933574399237;0.8248434806629528;0.34291245825313765;30.614821360939274;idos
281;282;0.4277332718092166;0.8459613598004506;0.3184236579024168;28.40550435551067;kozepkoru
132;133;0.4169224247651409;0.9026817049449319;0.10649615620136837;25.947804197828493;fiatal
533;534;0.4434451249687146;0.8868902499374292;0.12954576684479302;28.089887640449437;fiatal
286;287;0.4210294679076011;0.8816852386770941;0.2129913778826688;26.82742078020452;fiatal
616;617;0.416249017646668;0.9035649407452061;0.10152415064552878;25.88057063502083;fiatal
313;314;0.4182070292828228;0.8757747201452053;0.24108405217480372;26.82742078020452;kozepkoru
160;161;0.4336837933945206;0.8041220335856736;0.40657855630736306;30.299204645878046;idos
300;301;0.40408678555549293;0.8879931830725647;0.21950393289434184;25.5649539199596;fiatal
493;494;0.47230823908859687;0.8323848174036658;0.2899317903316139;31.877288221184195;kozepkoru
155;156;0.47294472108791863;0.8335065381549457;0.2856398810530994;31.877288221184195;kozepkoru
720;721;0.43487157559417716;0.879626596088222;0.19272717554741944;27.77427092538821;fiatal
248;249;0.4571301030695126;0.8656293441103536;0.20424962052042053;29.667971215755585;fiatal
444;445;0.4638384834851343;0.8600338547953531;0.21259263826401986;30.299204645878046;fiatal
6;7;0.4643715406524428;0.8434503493483144;0.2700936511958085;30.930438076000502;kozepkoru
299;300;0.4368991779985494;0.8938856745257677;0.10043659264334469;27.458654210326976;fiatal
672;673;0.48855708746432686;0.8282205863680969;0.27452255390852653;33.13975508142911;kozepkoru
115;116;0.4435887992927452;0.8140083121042129;0.3749925932165475;30.614821360939274;idos
207;208;0.4691353763615221;0.8186872254152052;0.3311543833140156;32.19290493624542;kozepkoru
53;54;0.37938243351186307;0.9176953459273444;0.11791616176720067;23.095409007209515;fiatal
755;756;0.4050976005767854;0.8842984207712754;0.23219008813547456;25.592209980961893;kozepkoru
338;339;0.4680770819599152;0.8214293889296551;0.3258183609720978;31.834212415342844;kozepkoru
559;560;0.44358663185849195;0.8822445233630007;0.1577196913274638;28.089010954714272;fiatal
707;708;0.44749825539919225;0.8613138464134991;0.24059045989203884;29.025311319871417;kozepkoru
636;637;0.422415333394796;0.8895569962078644;0.17393572551550424;26.528510346119035;fiatal
184;185;0.42453221253915824;0.8836193726105736;0.19745684304146896;26.840610467838083;fiatal
241;242;0.44511288060307336;0.8476085705101079;0.2888498480509306;29.33741144159046;kozepkoru
234;235;0.43108987966078144;0.8972684704567427;0.09524078736691682;26.840610467838083;fiatal
83;84;0.4369034969319809;0.8887014312593702;0.13901474902381208;27.46481071127618;fiatal
653;654;0.4670646196510415;0.8619027517271797;0.1974190660380691;30.273711806747606;fiatal
464;465;0.43480382948750507;0.8744930952613865;0.21495919660056428;27.776910832995224;fiatal
360;361;0.44913771154262466;0.8834686853420859;0.13326063968847107;28.40111107643332;fiatal
231;232;0.4525650018153278;0.8351457249994194;0.3125964445528553;30.273711806747606;kozepkoru
489;490;0.42312652364484377;0.8910546792050239;0.16427265035623345;26.528510346119035;fiatal
476;477;0.46663862972665043;0.8484338722302736;0.24981664015669167;30.555555555555554;kozepkoru
771;772;0.43580877667147017;0.8435008580738133;0.31396976383858605;28.703703703703702;kozepkoru
320;321;0.4509198182377544;0.8036194780474831;0.3884160810562835;31.17283950617284;idos
357;358;0.43955380463580485;0.8241633836921342;0.35713746626659143;29.629629629629626;idos
371;372;0.39892376314822997;0.90894021983141;0.12119202931085467;24.382716049382715;fiatal
158;159;0.43190736758796316;0.8834468882481065;0.18159741591766632;27.160493827160494;fiatal
204;205;0.4338850397951134;0.8489055126426132;0.301833071161818;28.39506172839506;kozepkoru
57;58;0.44145500266174004;0.8928303424619461;0.08928303424619462;27.469135802469133;fiatal
534;535;0.45182404493810185;0.8298808988659013;0.32734191010821667;30.24691358024691;kozepkoru
582;583;0.4311188171924087;0.8818339442571995;0.19106402125572658;27.160493827160494;fiatal
52;53;0.4400928176457605;0.8900753615307516;0.11867671487076688;27.469135802469133;fiatal
740;741;0.4480613945462524;0.8766418588948416;0.17532837177896832;28.39506172839506;fiatal
65;66;0.4100578312202826;0.8892820436102514;0.20255868771122396;25.61728395061728;fiatal
243;244;0.4245468575912592;0.8783728088095019;0.21959320220237546;26.85185185185185;fiatal
429;430;0.41814338376264926;0.8960215366342484;0.14933692277237473;25.925925925925924;fiatal
500;501;0.45235957284228884;0.7905312923457475;0.41283300822500146;31.79012345679012;idos
404;405;0.4406322549715852;0.8752691420142537;0.1993668601254689;27.96804839287362;fiatal
45;46;0.44863241262967296;0.8638560285741576;0.22908889155557768;28.692652849424622;kozepkoru
114;115;0.46333801343279707;0.7987064802984406;0.38390863970146044;32.05030371478282;idos
608;609;0.4466922680933518;0.8693688228483513;0.21133827737749977;28.387411861664784;fiatal
195;196;0.4569032421614369;0.8797817748002136;0.13123816530168933;28.692652849424622;fiatal
567;568;0.45284608708296503;0.8035798211962419;0.3862510742766467;31.13458075150331;idos
203;204;0.4755270315817007;0.7824581156026166;0.402036490337256;33.576508653582;idos
738;739;0.4771706660012909;0.7851626413293967;0.39475027823743153;33.576508653582;idos
298;299;0.41088101960629064;0.8960176451655253;0.16831270682667326;25.33500198406642;fiatal
454;455;0.4673825965174049;0.8632270405066356;0.19076840674179793;29.913616800463966;fiatal
217;218;0.4618733430180878;0.8618461349100401;0.2095095576576893;29.60837581270413;fiatal
196;197;0.4695197906645353;0.8498308211028088;0.239455093238913;30.52409877598364;kozepkoru
408;409;0.47570646556166174;0.8525036660065424;0.21665839025580633;30.829339763743477;kozepkoru
655;656;0.47966288608819513;0.7751694855532439;0.4111396166470244;34.18699062910168;idos
580;581;0.4692550686727047;0.8409422517797975;0.26947320775264233;30.829339763743477;kozepkoru
539;540;0.42954628707252196;0.8316747260340319;0.3518623840913212;28.378215191402003;idos
377;378;0.4402043892400666;0.8901910982410236;0.11738783713068443;27.17063156623596;fiatal
509;510;0.46959001478165036;0.8632866938410139;0.1849900058230744;29.887694722859557;fiatal
381;382;0.4125866361729919;0.8533041793577787;0.31881694613367556;26.56683975365294;kozepkoru
312;313;0.4514517980025853;0.8604165466818954;0.2363781721653559;28.82911066965634;kozepkoru
563;564;0.45602599401606364;0.8829439458608891;0.11158082832307939;28.378215191402003;fiatal
260;261;0.4268913681356898;0.8930371149505235;0.1422971227118966;26.26494384736143;fiatal
775;776;0.4317461935669401;0.8929296276043533;0.12756137537205048;26.56683975365294;fiatal
156;157;0.4498794709180847;0.8804092871730259;0.14995982363936156;28.076319285110493;fiatal
399;400;0.397034973144445;0.8921032729912222;0.21567331874513063;24.453568409612362;fiatal
574;575;0.4306709306133199;0.8855368573285117;0.17420397193347772;26.575890590940304;fiatal
553;554;0.4868552958115464;0.7954867779777945;0.36079454957462814;33.4438173728687;idos
718;719;0.43050375825442194;0.8753576417839913;0.22003525421892678;26.874496103198062;kozepkoru
597;598;0.48296953520481783;0.7891377227007291;0.379476063375214;33.4438173728687;idos
301;302;0.45023255527912814;0.8859414797428006;0.1113478362518274;27.77031263997133;fiatal
552;553;0.4769137156567422;0.8391847112036906;0.2613854018503299;31.05497327480665;kozepkoru
135;136;0.45523819137270877;0.8500876430735277;0.26478139702290204;29.26334020126011;kozepkoru
491;492;0.4688443872386427;0.8249857967756885;0.315568337564471;31.05497327480665;kozepkoru
245;246;0.4638070112543566;0.8750173511293532;0.1386639518183128;28.964734689002356;fiatal
611;612;0.46421333462207204;0.8495104023583918;0.2506752006959189;29.860551225775623;kozepkoru
293;294;0.458386658134251;0.8737995670684159;0.16234527475588056;28.666129176744597;fiatal
63;64;0.43123948117913763;0.8816451615217924;0.19166199163517228;26.583175803402646;fiatal
612;613;0.4768714167061665;0.8200405670461182;0.3164286970667086;31.604442344045367;kozepkoru
406;407;0.43201012978697506;0.8367354092716148;0.33651315372880164;28.060018903591683;idos
648;649;0.4667854791099517;0.8338692054003022;0.2945733606033676;30.42296786389414;kozepkoru
664;665;0.42194249687426094;0.8923841313202759;0.16004715398678862;25.697069943289225;fiatal
688;689;0.477160129079481;0.7952668817991351;0.3739903714406743;32.43243243243243;idos
698;699;0.43764670259244814;0.8897213184571748;0.1298512194505066;26.588750913075234;fiatal
414;415;0.45242712076933417;0.8810422878139665;0.13810933160327044;27.757487216946675;fiatal
674;675;0.46744059102074337;0.8081916760639021;0.3582254996607566;31.26369612856099;idos
739;740;0.43754988082854507;0.8798557386226178;0.18548310165557888;26.880934989043094;fiatal
774;775;0.44124319616571733;0.887282514028888;0.13429140752869656;26.880934989043094;fiatal
129;130;0.47428361235124383;0.8277591347639632;0.2997830379955975;30.97151205259313;kozepkoru
19;20;0.46144706281425923;0.8452248180261184;0.26955818520832964;29.510591672753833;kozepkoru
356;357;0.44354663441979214;0.8823239501899091;0.1573875154392811;27.173119065010955;fiatal
337;338;0.4691618779843997;0.8426693924962518;0.26418824197179785;30.094959824689553;kozepkoru
79;80;0.4506851429373469;0.8869867174830763;0.10068497874132218;27.465303140978815;fiatal
171;172;0.46801746074298217;0.840613885800502;0.27263153052989253;30.094959824689553;kozepkoru
69;70;0.4492006551542445;0.8840651191865451;0.12902572009749577;27.465303140978815;fiatal
554;555;0.46977617561176277;0.8356595431555396;0.2845759525340486;30.38714390065741;kozepkoru
346;347;0.4553020572168774;0.8594987814808399;0.2322969679677946;28.634039444850252;kozepkoru
3;4;0.46333909075675667;0.8429556545117314;0.27339102308488583;29.711356846676715;kozepkoru
487;488;0.511332597934835;0.7669988969022525;0.38762309843447174;35.84229390681003;idos
255;256;0.4712108405826548;0.8764521634837379;0.0989542765223575;28.905075731298414;fiatal
397;398;0.4795088540294502;0.8108058804497976;0.3356561978206151;31.795583304428252;idos
599;600;0.4492607975662554;0.8704427952846199;0.20123139890988526;27.748872702046476;fiatal
578;579;0.4563519117057252;0.8841818289298427;0.0998269806856274;27.748872702046476;fiatal
71;72;0.45444457226218293;0.8625172493955716;0.22258509661821205;28.326974216672443;kozepkoru
416;417;0.4658034589961716;0.7948572786540176;0.38888178686836344;31.50653254711527;idos
685;686;0.4630094358611604;0.8280745679824599;0.3160929802513691;30.061278760550348;kozepkoru
5;6;0.47727144922297376;0.8618688306356613;0.1714470254490294;29.772228003237366;fiatal
450;451;0.42376311608593903;0.8956811317270984;0.13483371875461697;25.4364666435426;fiatal
270;271;0.43492902782606113;0.8889758151170041;0.14338319598661356;26.303618915481554;fiatal
627;628;0.4821570062035132;0.8460490863571081;0.22743255009599678;30.63938027517632;kozepkoru
588;589;0.4610786200837043;0.7867947095006331;0.4103176710836635;31.50653254711527;idos
517;518;0.4512164810882281;0.8652192317774271;0.2186306660942961;28.037923459359458;kozepkoru
463;464;0.4744559739030025;0.813974927705151;0.335166146702121;31.170465269238463;idos
632;633;0.42501108351176264;0.8930008159179732;0.14803756841420945;25.45111384369012;fiatal
661;662;0.4981358201950103;0.8243486581988223;0.2689051772734126;32.31433555434813;kozepkoru
635;636;0.5039698663694651;0.7986641102634743;0.3288616924614306;33.744173410735215;idos
239;240;0.42259427628871915;0.8926710555312269;0.1566922597475026;25.18107741059303;fiatal
376;377;0.44524456625336134;0.8811155626908624;0.15935068686962406;26.87867813490267;fiatal
402;403;0.4640733486910748;0.8724578955392206;0.15314420506805468;28.293345405160707;fiatal
537;538;0.45551349743153224;0.8784903164750979;0.1440910042895663;27.434842249657066;fiatal
532;533;0.4268679616184041;0.8865719202843778;0.17825255540109183;25.475210660395845;fiatal
150;151;0.48162423874221705;0.7780083856605045;0.403411755527669;32.753842277651806;idos
531;532;0.46610066430898;0.8470483226384348;0.25545901793857556;29.114526469023826;kozepkoru
370;371;0.4804744615024973;0.8181051641799277;0.31598770891605676;31.074158058285043;idos
161;162;0.4689105336145317;0.8282625313378177;0.3067639004954881;29.954368578707204;kozepkoru
731;732;0.4716831844719101;0.8254455728258426;0.3100880194213483;30.234315948601665;kozepkoru
715;716;0.4662293715798915;0.8084160663174266;0.35929602947441186;30.514263318496123;idos
30;31;0.4832153590330131;0.7805786568994827;0.39648439715529277;32.753842277651806;idos
728;729;0.4790306991031499;0.8083643047365654;0.3421647850736785;31.354105428179505;idos
481;482;0.5026196892815543;0.8304151388130027;0.24038332965639553;31.855955678670362;kozepkoru
226;227;0.49777777777777776;0.8488888888888889;0.17777777777777778;30.70091280392533;fiatal
272;273;0.4853068980980937;0.7925275603825316;0.3692929469845304;32.06038425724265;idos
401;402;0.4668154265055271;0.8411485515335442;0.2730429853145536;29.05622104657219;kozepkoru
309;310;0.4671005219727325;0.8496780923503992;0.24467170198571703;28.78210575368;kozepkoru
242;243;0.45211244329402384;0.8811579251954954;0.13840176835531343;26.863298703434666;fiatal
362;363;0.47366279985465126;0.8744543997316638;0.10475234996785557;28.211805555555557;fiatal
120;121;0.49948028792845145;0.7796765470102657;0.3776558274580974;33.365885416666664;idos
212;213;0.492507100876546;0.8563411753979583;0.1552950318079199;29.799457703562513;fiatal
730;731;0.5045307393524963;0.7916620544311527;0.3445575780943877;33.021020698542245;idos
693;694;0.47436763773777246;0.8248013881386493;0.3076979271812578;29.799457703562513;kozepkoru
545;546;0.4672517697191592;0.8716042627453547;0.1482625807762717;27.63311722818578;fiatal
662;663;0.504989766959533;0.7964879251231659;0.3325542367782291;32.68147518333511;idos
498;499;0.4737180010289969;0.8247768767915571;0.30876262567068546;29.4543063773833;idos
109;110;0.4789604240601838;0.8647896545531096;0.15078383720413194;28.40236686390533;fiatal
173;174;0.45123922553281454;0.8801398755442026;0.14743459844141465;26.02489113349996;fiatal
453;454;0.48713500686977407;0.8588959331651279;0.15810522152790912;28.21712333853123;fiatal
773;774;0.49050068285750215;0.8446896240488833;0.2142627339050826;28.326218171978;kozepkoru
619;620;0.4996769795153143;0.8396211541036019;0.2129770732360356;29.030339083878644;kozepkoru
0;1;0.4290665767206632;0.889528268811131;0.1569755768490231;28.373702422145332;fiatal
102;103;0.5110511808509707;0.8044324143024538;0.30284514420798264;37.37024221453288;kozepkoru
75;76;0.46302251186834303;0.7871382701761832;0.40745981044414187;34.602076124567475;idos
621;622;0.5454991138130011;0.7478616882920176;0.37833003054772657;42.906574394463675;idos
482;483;0.3356356136146947;0.8915320986640328;0.3041697748383171;22.145328719723185;kozepkoru
50;51;0.35907235818633704;0.9248833468435954;0.1251312763376629;22.837370242214536;fiatal
749;750;0.43038838248681194;0.8922685978385126;0.13646460908118427;28.373702422145332;fiatal
110;111;0.4380861333514439;0.8761722667028878;0.20100422589066252;29.411764705882355;fiatal
703;704;0.44121501423720366;0.852347186594598;0.2807731908782205;30.449826989619382;kozepkoru
469;470;0.4932096255690341;0.838456363467358;0.23180852401744603;34.602076124567475;kozepkoru
56;57;0.47198671753110466;0.7715167498104596;0.42660337930696;35.98615916955018;idos
438;439;0.5412139261352634;0.8000553690695199;0.2588414429342564;39.7923875432526;kozepkoru
624;625;0.43550110956457183;0.8440904529994445;0.3128099914056765;30.349487115149987;kozepkoru
